{
  "total_games": 150,
  "total_bets": 119,
  "total_wagered": 1190.0,
  "net_profit": -428.39301111277905,
  "roi_percent": -35.99941269855286
}