{
  "accuracy": 0.7062146892655368,
  "roc_auc": 0.7761038961038961,
  "log_loss": 0.5741011879828568,
  "brier_score": 0.19447367362144116
}