{
  "accuracy": 0.73224043715847,
  "roc_auc": 0.7850399419026871,
  "log_loss": 0.5733501750412185,
  "brier_score": 0.1933434651303177
}