{
  "accuracy": 0.7103825136612022,
  "roc_auc": 0.776567417090293,
  "log_loss": 0.5750484198020778,
  "brier_score": 0.1945747584104538
}