{
  "accuracy": 0.6779661016949152,
  "roc_auc": 0.7367532467532467,
  "log_loss": 0.6021717736224582,
  "brier_score": 0.20672327280044556
}