{
  "total_games": 177,
  "total_bets": 146,
  "total_wagered": 1460.0,
  "net_profit": -698.393011112779,
  "roi_percent": -47.83513774745062
}