{
  "accuracy": 0.7158469945355191,
  "roc_auc": 0.7864923747276689,
  "log_loss": 0.5689094585153277,
  "brier_score": 0.1918535436032871
}