{
  "accuracy": 0.7231638418079096,
  "roc_auc": 0.7602597402597403,
  "log_loss": 0.5799097778465718,
  "brier_score": 0.1967881042563955
}