{
  "total_games": 177,
  "total_bets": 148,
  "total_wagered": 1480.0,
  "net_profit": -497.79884150542557,
  "roi_percent": -33.6350568584747
}